left_1_x,left_1_y,right_2_x,right_2_y,right_3_x,right_3_y,left_4_x,left_4_y,eng,kor
402.1994135,171.5625,545.1612903,171.5625,545.1612903,208.734375,402.1994135,208.734375,THOSE,삶을
441.2756598,136.296875,502.2727273,136.296875,502.2727273,171.5625,441.2756598,171.5625,TO,과민한
426.9794721,71.484375,528.9589443,71.484375,528.9589443,110.5625,426.9794721,110.5625,2020,2020년
365.0293255,436.53125,602.3460411,436.53125,602.3460411,531.84375,365.0293255,531.84375,YOU,
398.3870968,259.25,547.0674487,259.25,547.0674487,302.140625,398.3870968,302.140625,LIVES,
407.9178886,230.65625,543.255132,230.65625,543.255132,260.203125,407.9178886,260.203125,FOROUR,사람들에게
356.4516129,376.484375,596.627566,376.484375,596.627566,439.390625,356.4516129,439.390625,THANK,감사합니다.
407.9178886,204.921875,542.3020528,204.921875,542.3020528,233.515625,407.9178886,233.515625,FIGHTING,싸우는